[
    {
      "block": "computercraft:computer_advanced",
      "mass": 100.0
    },
    {
      "block": "computercraft:turtle_advanced",
      "mass": 100.0
    },
    {
      "block": "computercraft:monitor_advanced",
      "mass": 100.0
    },
    {
      "block": "computercraft:wireless_modem_advanced",
      "mass": 100.0
    },
    {
      "block": "computercraft:wireless_modem_normal",
      "mass": 100.0
    },
    {
      "block": "computercraft:computer_normal",
      "mass": 100.0
    },
    {
      "block": "computercraft:turtle_normal",
      "mass": 100.0
    },
    {
      "block": "computercraft:monitor_normal",
      "mass": 100.0
    },
    {
      "block": "computercraft:wired_modem_full",
      "mass": 100.0
    },
    {
      "block": "computercraft:cable",
      "mass": 20.0
    },
    {
      "block": "computercraft:printer",
      "mass": 100.0
    },
    {
      "block": "computercraft:speaker",
      "mass": 100.0
    },
    {
      "block": "computercraft:disk_drive",
      "mass": 100.0
    }

]