[
    {
        "block": "copiescats:copycat_two",
        "mass": 100.0
    },
    {
        "block": "copiescats:copycat_four",
        "mass": 100.0
    },
    {
        "block": "copiescats:copycat_six",
        "mass": 100.0
    },
    {
        "block": "copiescats:copycat_slab",
        "mass": 100.0
    },
    {
        "block": "copiescats:copycat_ten",
        "mass": 100.0
    },
    {
        "block": "copiescats:copycat_twelve",
        "mass": 100.0
    },
    {
        "block": "copiescats:copycat_fourteen",
        "mass": 100.0
    },
    {
        "block": "copiescats:copycat_sixteen",
        "mass": 100.0
    }
]