[
	{
		"block": "copycats:copycat_block",
		"mass": 100.0
	},
	{
		"block": "copycats:copycat_slab",
		"mass": 100.0
	},
	{
		"block": "copycats:copycat_beam",
		"mass": 100.0
	},
	{
		"block": "copycats:copycat_vertical_step",
		"mass": 100.0
	},
	{
		"block": "copycats:copycat_half_panel",
		"mass": 100.0
	},
	{
		"block": "copycats:copycat_stairs",
		"mass": 100.0
	},
	{
		"block": "copycats:copycat_fence",
		"mass": 100.0
	},
	{
		"block": "copycats:copycat_fence_gate",
		"mass": 100.0
	},
	{
		"block": "copycats:copycat_trapdoor",
		"mass": 100.0
	},
	{
		"block": "copycats:copycat_wall",
		"mass": 100.0
	},
	{
		"block": "copycats:copycat_board",
		"mass": 100.0
	},
	{
		"block": "copycats:copycat_box",
		"mass": 100.0
	},
	{
		"block": "copycats:copycat_catwalk",
		"mass": 100.0
	},
	{
		"block": "copycats:copycat_byte",
		"mass": 100.0
	},
	{
		"block": "copycats:copycat_layer",
		"mass": 100.0
	},
	{
		"block": "copycats:copycat_half_layer",
		"mass": 100.0
	},
	{
		"block": "copycats:copycat_slice",
		"mass": 100.0
	},
	{
		"block": "copycats:copycat_vertical_slice",
		"mass": 100.0
	},
	{
		"block": "copycats:copycat_wooden_button",
		"mass": 100.0
	},
	{
		"block": "copycats:copycat_stone_button",
		"mass": 100.0
	},
	{
		"block": "copycats:copycat_wooden_pressure_plate",
		"mass": 100.0
	},
	{
		"block": "copycats:copycat_stone_pressure_plate",
		"mass": 100.0
	},
	{
		"block": "copycats:copycat_heavy_weighted_pressure_plate",
		"mass": 100.0
	},
	{
		"block": "copycats:copycat_light_weighted_pressure_plate",
		"mass": 100.0
	}
]