[
    {
        "block": "vs_clockwork:afterblazer",
        "mass": 100.0
    },
    {
        "block": "vs_clockwork:alt_meter",
        "mass": 100.0
    },
    {
        "block": "vs_clockwork:balloon_casing",
        "mass": 100.0
    },
    {
        "block": "vs_clockwork:balloon_encased_shaft",
        "mass": 100.0
    },
    {
        "block": "vs_clockwork:ballooner",
        "mass": 100.0
    },
    {
        "block": "vs_clockwork:combustion_engine",
        "mass": 100.0
    },
    {
        "block": "vs_clockwork:command_seat",
        "mass": 100.0
    },
    {
        "block": "vs_clockwork:flap",
        "mass": 100.0
    },
    {
        "block": "vs_clockwork:flap_bearing",
        "mass": 100.0
    },
    {
        "block": "vs_clockwork:intake",
        "mass": 100.0
    },
    {
        "block": "vs_clockwork:phys_bearing",
        "mass": 100.0
    },
    {
        "block": "vs_clockwork:physics_infuser",
        "mass": 100.0
    },
    {
        "block": "vs_clockwork:propeller_bearing",
        "mass": 100.0
    },
    {
        "block": "vs_clockwork:reactionwheel",
        "mass": 100.0
    },
    {
        "block": "vs_clockwork:redstone_resistor",
        "mass": 100.0
    },
    {
        "block": "vs_clockwork:wing",
        "mass": 100.0
    }
]